name_1,name_2,true,pred
LPP_RS00045,LPP_RS00050,1,1
LPP_RS00070,LPP_RS00075,1,0
LPP_RS00075,LPP_RS00080,1,0
LPP_RS00080,LPP_RS00085,1,0
LPP_RS00105,LPP_RS00110,1,0
LPP_RS00240,LPP_RS00245,1,0
LPP_RS00245,LPP_RS00250,1,0
LPP_RS00295,LPP_RS00300,1,0
LPP_RS00365,LPP_RS00370,1,0
LPP_RS00385,LPP_RS00390,1,0
LPP_RS00390,LPP_RS00395,1,0
LPP_RS00455,LPP_RS00460,1,0
LPP_RS00460,LPP_RS00465,0,1
LPP_RS00465,LPP_RS00470,1,0
LPP_RS00535,LPP_RS00540,1,1
LPP_RS00540,LPP_RS00545,1,1
LPP_RS00545,LPP_RS00550,1,0
LPP_RS00620,LPP_RS00625,1,0
LPP_RS00680,LPP_RS00685,1,0
LPP_RS00740,LPP_RS00745,1,0
LPP_RS00790,LPP_RS00795,1,1
LPP_RS00795,LPP_RS00800,1,1
LPP_RS00800,LPP_RS00805,1,1
LPP_RS00900,LPP_RS00905,1,0
LPP_RS00905,LPP_RS00910,1,0
LPP_RS00910,LPP_RS00915,1,0
LPP_RS00950,LPP_RS00955,1,0
LPP_RS00955,LPP_RS00960,0,0
LPP_RS00960,LPP_RS00965,1,0
LPP_RS01150,LPP_RS01155,1,0
LPP_RS01155,LPP_RS01160,1,0
LPP_RS01160,LPP_RS01165,1,0
LPP_RS01165,LPP_RS01170,1,0
LPP_RS01210,LPP_RS01215,1,0
LPP_RS01265,LPP_RS01270,1,0
LPP_RS01305,LPP_RS01310,1,0
LPP_RS01380,LPP_RS01385,1,0
LPP_RS01385,LPP_RS01390,1,0
LPP_RS01390,LPP_RS01395,1,0
LPP_RS01495,LPP_RS01500,1,0
LPP_RS01500,LPP_RS01505,1,0
LPP_RS01505,LPP_RS01510,1,0
LPP_RS01510,LPP_RS01515,0,0
LPP_RS01515,LPP_RS01520,1,0
LPP_RS01570,LPP_RS01575,1,0
LPP_RS01575,LPP_RS01580,0,0
LPP_RS01580,LPP_RS01585,1,0
LPP_RS01585,LPP_RS01590,1,0
LPP_RS01590,LPP_RS01595,1,0
LPP_RS01680,LPP_RS01685,1,0
LPP_RS01685,LPP_RS01690,1,0
LPP_RS01710,LPP_RS01715,1,0
LPP_RS01835,LPP_RS01840,1,0
LPP_RS01840,LPP_RS01845,0,0
LPP_RS01845,LPP_RS01850,1,0
LPP_RS01915,LPP_RS01920,1,0
LPP_RS01920,LPP_RS01925,1,1
LPP_RS01925,LPP_RS01930,1,0
LPP_RS01930,LPP_RS01935,1,1
LPP_RS01935,LPP_RS01940,1,0
LPP_RS02115,LPP_RS02120,1,0
LPP_RS02120,LPP_RS02125,1,0
LPP_RS02125,LPP_RS02130,1,0
LPP_RS02130,LPP_RS02135,1,0
LPP_RS02135,LPP_RS02140,1,0
LPP_RS02140,LPP_RS02165,0,0
LPP_RS02165,LPP_RS02170,1,0
LPP_RS02170,LPP_RS02175,1,0
LPP_RS02250,LPP_RS02255,1,0
LPP_RS02335,LPP_RS02340,1,0
LPP_RS02365,LPP_RS02370,1,0
LPP_RS02370,LPP_RS02375,1,0
LPP_RS02375,LPP_RS02380,1,0
LPP_RS02380,LPP_RS02385,1,0
LPP_RS02400,LPP_RS02405,1,1
LPP_RS02405,LPP_RS02410,1,1
LPP_RS02410,LPP_RS02415,1,1
LPP_RS02415,LPP_RS02420,1,0
LPP_RS02420,LPP_RS02425,1,0
LPP_RS02475,LPP_RS02480,1,0
LPP_RS02480,LPP_RS02485,1,0
LPP_RS02540,LPP_RS02545,1,1
LPP_RS02545,LPP_RS02550,0,0
LPP_RS02550,LPP_RS02555,1,1
LPP_RS02555,LPP_RS02560,1,0
LPP_RS02560,LPP_RS02565,1,0
LPP_RS02565,LPP_RS02570,1,1
LPP_RS02570,LPP_RS02575,1,1
LPP_RS02585,LPP_RS02590,1,0
LPP_RS02590,LPP_RS02595,1,1
LPP_RS02710,LPP_RS02715,1,0
LPP_RS02715,LPP_RS02720,1,0
LPP_RS02720,LPP_RS02725,0,0
LPP_RS02725,LPP_RS02730,1,1
LPP_RS02730,LPP_RS02735,1,0
LPP_RS02815,LPP_RS02820,1,0
LPP_RS03035,LPP_RS03040,1,1
LPP_RS03095,LPP_RS03100,1,0
LPP_RS03120,LPP_RS03125,1,0
LPP_RS03200,LPP_RS03205,1,0
LPP_RS03240,LPP_RS03245,1,0
LPP_RS03355,LPP_RS03360,1,0
LPP_RS03475,LPP_RS03480,1,0
LPP_RS03480,LPP_RS03485,1,0
LPP_RS03485,LPP_RS03490,0,0
LPP_RS03490,LPP_RS03495,1,1
LPP_RS03530,LPP_RS03535,1,0
LPP_RS03535,LPP_RS03540,0,0
LPP_RS03540,LPP_RS03545,1,0
LPP_RS03545,LPP_RS03550,1,0
LPP_RS03550,LPP_RS03555,1,0
LPP_RS03650,LPP_RS03655,1,0
LPP_RS03655,LPP_RS03660,1,0
LPP_RS03660,LPP_RS03665,1,0
LPP_RS03695,LPP_RS03700,1,0
LPP_RS03700,LPP_RS03705,1,0
LPP_RS03705,LPP_RS03710,1,0
LPP_RS03710,LPP_RS03725,0,0
LPP_RS03725,LPP_RS03730,1,1
LPP_RS03795,LPP_RS03800,1,0
LPP_RS03800,LPP_RS03805,1,0
LPP_RS03805,LPP_RS03810,1,0
LPP_RS03810,LPP_RS03815,1,0
LPP_RS03815,LPP_RS03820,1,0
LPP_RS03820,LPP_RS03840,0,0
LPP_RS03840,LPP_RS03845,1,0
LPP_RS03845,LPP_RS03850,0,0
LPP_RS03850,LPP_RS03855,1,0
LPP_RS03940,LPP_RS03945,1,0
LPP_RS03945,LPP_RS03950,1,0
LPP_RS03950,LPP_RS03955,1,0
LPP_RS03955,LPP_RS03960,1,1
LPP_RS03960,LPP_RS03965,1,0
LPP_RS03965,LPP_RS03970,1,0
LPP_RS04005,LPP_RS04010,1,1
LPP_RS04010,LPP_RS04015,1,0
LPP_RS04030,LPP_RS04035,1,0
LPP_RS04060,LPP_RS04065,1,0
LPP_RS04065,LPP_RS04070,1,1
LPP_RS04070,LPP_RS04075,1,1
LPP_RS04075,LPP_RS04080,1,0
LPP_RS04080,LPP_RS04085,1,0
LPP_RS04085,LPP_RS04090,1,0
LPP_RS04090,LPP_RS04095,0,0
LPP_RS04095,LPP_RS04100,1,0
LPP_RS04100,LPP_RS04105,1,1
LPP_RS04105,LPP_RS04110,1,1
LPP_RS04110,LPP_RS04115,1,0
LPP_RS04125,LPP_RS04130,1,0
LPP_RS04175,LPP_RS04180,1,0
LPP_RS04180,LPP_RS04185,1,0
LPP_RS04250,LPP_RS04255,1,0
LPP_RS04335,LPP_RS04340,1,0
LPP_RS04340,LPP_RS04345,1,0
LPP_RS04345,LPP_RS04350,1,0
LPP_RS04350,LPP_RS04355,1,0
LPP_RS04355,LPP_RS04360,0,0
LPP_RS04370,LPP_RS04375,1,1
LPP_RS04445,LPP_RS04450,1,0
LPP_RS04450,LPP_RS04455,1,0
LPP_RS04455,LPP_RS04460,0,0
LPP_RS04460,LPP_RS04465,1,0
LPP_RS04515,LPP_RS04520,1,0
LPP_RS04520,LPP_RS04525,0,0
LPP_RS04525,LPP_RS04530,1,0
LPP_RS04530,LPP_RS04535,1,0
LPP_RS04535,LPP_RS04540,1,0
LPP_RS04540,LPP_RS04545,0,0
LPP_RS04545,LPP_RS04550,1,0
LPP_RS04590,LPP_RS04595,1,1
LPP_RS04635,LPP_RS04640,1,0
LPP_RS04660,LPP_RS04665,1,0
LPP_RS04775,LPP_RS04780,1,0
LPP_RS04780,LPP_RS04785,0,0
LPP_RS04785,LPP_RS04790,1,0
LPP_RS04790,LPP_RS04815,0,0
LPP_RS04815,LPP_RS04820,1,0
LPP_RS04820,LPP_RS04830,0,0
LPP_RS04830,LPP_RS04835,1,0
LPP_RS04835,LPP_RS04840,0,0
LPP_RS04840,LPP_RS04845,1,0
LPP_RS04880,LPP_RS04885,1,1
LPP_RS04885,LPP_RS04890,1,1
LPP_RS04890,LPP_RS04895,0,0
LPP_RS04895,LPP_RS04900,1,0
LPP_RS04930,LPP_RS04935,1,0
LPP_RS04935,LPP_RS04950,0,0
LPP_RS04950,LPP_RS04955,1,0
LPP_RS04955,LPP_RS04960,1,0
LPP_RS04960,LPP_RS04965,0,0
LPP_RS04965,LPP_RS04970,1,0
LPP_RS04970,LPP_RS04975,0,0
LPP_RS04975,LPP_RS04980,1,1
LPP_RS04980,LPP_RS04985,1,0
LPP_RS05000,LPP_RS05005,1,1
LPP_RS05005,LPP_RS05025,0,0
LPP_RS05025,LPP_RS05030,1,0
LPP_RS05030,LPP_RS05045,0,0
LPP_RS05045,LPP_RS05050,1,0
LPP_RS05050,LPP_RS05055,1,0
LPP_RS05055,LPP_RS05065,0,0
LPP_RS05065,LPP_RS05070,1,0
LPP_RS05070,LPP_RS05075,1,0
LPP_RS05075,LPP_RS05080,1,0
LPP_RS05110,LPP_RS05115,1,0
LPP_RS05115,LPP_RS05120,1,0
LPP_RS05205,LPP_RS05210,1,0
LPP_RS05390,LPP_RS05395,1,0
LPP_RS05395,LPP_RS05435,0,0
LPP_RS05435,LPP_RS05440,1,0
LPP_RS05460,LPP_RS05465,1,0
LPP_RS05475,LPP_RS05480,1,0
LPP_RS05480,LPP_RS05485,1,0
LPP_RS05640,LPP_RS05645,1,0
LPP_RS05750,LPP_RS05755,1,0
LPP_RS05755,LPP_RS05760,1,0
LPP_RS05760,LPP_RS05765,0,0
LPP_RS05765,LPP_RS05770,1,0
LPP_RS05835,LPP_RS05840,1,0
LPP_RS05870,LPP_RS05875,1,0
LPP_RS05885,LPP_RS05890,1,0
LPP_RS05910,LPP_RS05915,1,0
LPP_RS05915,LPP_RS05920,1,0
LPP_RS05920,LPP_RS05925,1,0
LPP_RS05925,LPP_RS05930,0,0
LPP_RS05930,LPP_RS05935,1,0
LPP_RS05980,LPP_RS05985,1,0
LPP_RS06060,LPP_RS06065,1,0
LPP_RS06065,LPP_RS06075,0,0
LPP_RS06075,LPP_RS06080,1,0
LPP_RS06135,LPP_RS06140,1,1
LPP_RS06140,LPP_RS06145,1,1
LPP_RS06145,LPP_RS06150,0,0
LPP_RS06150,LPP_RS06155,1,1
LPP_RS06155,LPP_RS06160,0,0
LPP_RS06160,LPP_RS06165,1,0
LPP_RS06165,LPP_RS06170,1,0
LPP_RS06170,LPP_RS06175,1,0
LPP_RS06175,LPP_RS06180,1,0
LPP_RS06225,LPP_RS06230,1,0
LPP_RS06230,LPP_RS06240,0,0
LPP_RS06240,LPP_RS06245,1,0
LPP_RS06265,LPP_RS06270,1,0
LPP_RS06270,LPP_RS06275,1,0
LPP_RS06275,LPP_RS06280,1,0
LPP_RS06355,LPP_RS06360,1,0
LPP_RS06360,LPP_RS06365,1,0
LPP_RS06365,LPP_RS06370,1,1
LPP_RS06370,LPP_RS06375,1,0
LPP_RS06375,LPP_RS06380,1,0
LPP_RS06380,LPP_RS06385,1,0
LPP_RS06505,LPP_RS06510,1,1
LPP_RS06510,LPP_RS06515,0,0
LPP_RS06515,LPP_RS06520,1,0
LPP_RS06520,LPP_RS06550,0,0
LPP_RS06550,LPP_RS06555,1,0
LPP_RS06555,LPP_RS06560,1,0
LPP_RS06560,LPP_RS06565,1,0
LPP_RS06625,LPP_RS06630,1,0
LPP_RS06630,LPP_RS06635,1,0
LPP_RS06700,LPP_RS06705,1,0
LPP_RS06705,LPP_RS06710,1,0
LPP_RS06720,LPP_RS06725,1,1
LPP_RS06725,LPP_RS06735,0,0
LPP_RS06735,LPP_RS06740,1,0
LPP_RS06760,LPP_RS06765,1,1
LPP_RS06765,LPP_RS06770,1,0
LPP_RS06770,LPP_RS06775,1,0
LPP_RS06775,LPP_RS06780,1,1
LPP_RS06780,LPP_RS06785,0,0
LPP_RS06785,LPP_RS06790,1,1
LPP_RS06790,LPP_RS06795,1,1
LPP_RS06795,LPP_RS06800,1,1
LPP_RS06800,LPP_RS06805,1,0
LPP_RS06805,LPP_RS06810,0,0
LPP_RS06810,LPP_RS06815,1,0
LPP_RS06860,LPP_RS06865,1,0
LPP_RS06895,LPP_RS06900,1,1
LPP_RS06900,LPP_RS06905,1,0
LPP_RS06915,LPP_RS06920,1,0
LPP_RS06930,LPP_RS06935,1,0
LPP_RS06935,LPP_RS06940,1,0
LPP_RS06940,LPP_RS06945,0,0
LPP_RS06945,LPP_RS06950,1,0
LPP_RS06950,LPP_RS06955,1,0
LPP_RS07025,LPP_RS07030,1,0
LPP_RS07030,LPP_RS07035,1,0
LPP_RS07035,LPP_RS07040,1,0
LPP_RS07040,LPP_RS07045,1,0
LPP_RS07105,LPP_RS07110,1,0
LPP_RS07110,LPP_RS07115,1,0
LPP_RS07125,LPP_RS07130,1,1
LPP_RS07130,LPP_RS07135,1,0
LPP_RS07170,LPP_RS07175,1,0
LPP_RS07175,LPP_RS07180,1,0
LPP_RS07180,LPP_RS07185,1,0
LPP_RS07185,LPP_RS07190,0,0
LPP_RS07190,LPP_RS07195,1,0
LPP_RS07195,LPP_RS07200,1,0
LPP_RS07200,LPP_RS07205,1,0
LPP_RS07205,LPP_RS07210,1,0
LPP_RS07365,LPP_RS07370,1,0
LPP_RS07370,LPP_RS07375,0,0
LPP_RS07375,LPP_RS07380,1,0
LPP_RS07380,LPP_RS07385,0,0
LPP_RS07385,LPP_RS07390,1,0
LPP_RS07390,LPP_RS07395,0,0
LPP_RS07395,LPP_RS07400,1,0
LPP_RS07425,LPP_RS07430,1,0
LPP_RS07430,LPP_RS07435,1,0
LPP_RS07505,LPP_RS07510,1,1
LPP_RS07605,LPP_RS07610,1,0
LPP_RS07610,LPP_RS07615,1,0
LPP_RS07640,LPP_RS07645,1,0
LPP_RS07645,LPP_RS07650,1,0
LPP_RS07650,LPP_RS07655,1,0
LPP_RS07655,LPP_RS07660,1,0
LPP_RS07660,LPP_RS07665,1,0
LPP_RS07750,LPP_RS07755,1,0
LPP_RS07755,LPP_RS07760,1,0
LPP_RS07760,LPP_RS07790,0,0
LPP_RS07790,LPP_RS07795,1,0
LPP_RS07860,LPP_RS07865,1,0
LPP_RS07905,LPP_RS07910,1,0
LPP_RS07910,LPP_RS07930,0,0
LPP_RS07930,LPP_RS07935,1,0
LPP_RS08055,LPP_RS08060,1,0
LPP_RS08075,LPP_RS08080,1,0
LPP_RS08185,LPP_RS08190,1,0
LPP_RS08255,LPP_RS08260,1,0
LPP_RS08395,LPP_RS08400,1,0
LPP_RS08400,LPP_RS08405,1,0
LPP_RS08405,LPP_RS08410,1,1
LPP_RS08410,LPP_RS08415,1,0
LPP_RS08465,LPP_RS08470,1,0
LPP_RS08470,LPP_RS08490,0,0
LPP_RS08490,LPP_RS08495,1,0
LPP_RS08545,LPP_RS08550,1,1
LPP_RS08550,LPP_RS08555,1,1
LPP_RS08555,LPP_RS08560,0,0
LPP_RS08560,LPP_RS08565,1,0
LPP_RS08565,LPP_RS08570,0,0
LPP_RS08570,LPP_RS08575,1,0
LPP_RS08705,LPP_RS08710,1,1
LPP_RS08710,LPP_RS08715,1,0
LPP_RS08740,LPP_RS08745,1,0
LPP_RS08840,LPP_RS08845,1,0
LPP_RS08895,LPP_RS08900,1,0
LPP_RS08900,LPP_RS08905,1,0
LPP_RS08905,LPP_RS08910,1,0
LPP_RS08925,LPP_RS08930,1,0
LPP_RS09085,LPP_RS09090,1,0
LPP_RS09125,LPP_RS09130,1,0
LPP_RS09130,LPP_RS09140,0,0
LPP_RS09140,LPP_RS09145,1,0
LPP_RS09265,LPP_RS09270,1,1
LPP_RS09410,LPP_RS09415,1,0
LPP_RS09435,LPP_RS09440,1,0
LPP_RS09440,LPP_RS09445,1,0
LPP_RS09585,LPP_RS09590,1,0
LPP_RS09590,LPP_RS09595,1,0
LPP_RS09595,LPP_RS09600,1,0
LPP_RS09775,LPP_RS09780,1,0
LPP_RS09830,LPP_RS09835,1,0
LPP_RS09905,LPP_RS09910,1,0
LPP_RS09980,LPP_RS09985,1,0
LPP_RS10085,LPP_RS10090,1,0
LPP_RS10185,LPP_RS10190,1,0
LPP_RS10190,LPP_RS10195,1,0
LPP_RS10270,LPP_RS10275,1,0
LPP_RS10550,LPP_RS10555,1,0
LPP_RS10565,LPP_RS10570,1,0
LPP_RS10580,LPP_RS10585,1,0
LPP_RS10585,LPP_RS10590,1,0
LPP_RS10670,LPP_RS10675,1,0
LPP_RS10765,LPP_RS10770,1,0
LPP_RS10770,LPP_RS10775,1,0
LPP_RS10790,LPP_RS10795,1,0
LPP_RS10835,LPP_RS10840,1,0
LPP_RS11025,LPP_RS11030,1,0
LPP_RS11030,LPP_RS11035,1,0
LPP_RS11035,LPP_RS11040,1,0
LPP_RS11040,LPP_RS11045,1,0
LPP_RS11045,LPP_RS11050,1,0
LPP_RS11090,LPP_RS11095,1,0
LPP_RS11095,LPP_RS11100,1,0
LPP_RS11100,LPP_RS11105,1,0
LPP_RS11190,LPP_RS11195,1,0
LPP_RS11195,LPP_RS11200,1,0
LPP_RS11200,LPP_RS11205,1,0
LPP_RS11205,LPP_RS11210,1,0
LPP_RS11230,LPP_RS11235,1,0
LPP_RS11235,LPP_RS11240,1,0
LPP_RS11270,LPP_RS11275,1,0
LPP_RS11275,LPP_RS11280,1,0
LPP_RS11280,LPP_RS11285,1,0
LPP_RS11285,LPP_RS11290,1,0
LPP_RS11400,LPP_RS11405,1,0
LPP_RS11405,LPP_RS11410,1,1
LPP_RS11410,LPP_RS11415,1,0
LPP_RS11460,LPP_RS11465,1,0
LPP_RS11465,LPP_RS11470,1,0
LPP_RS11470,LPP_RS11475,1,0
LPP_RS11525,LPP_RS11530,1,0
LPP_RS11555,LPP_RS11560,1,1
LPP_RS11560,LPP_RS11565,1,1
LPP_RS11565,LPP_RS11570,0,0
LPP_RS11570,LPP_RS11575,1,0
LPP_RS11745,LPP_RS11750,1,0
LPP_RS11750,LPP_RS11755,1,0
LPP_RS11785,LPP_RS11790,1,0
LPP_RS11790,LPP_RS11795,1,0
LPP_RS11795,LPP_RS11800,0,0
LPP_RS11800,LPP_RS11805,1,0
LPP_RS11805,LPP_RS11810,1,0
LPP_RS11810,LPP_RS11815,1,0
LPP_RS11815,LPP_RS11820,1,0
LPP_RS11820,LPP_RS11830,0,0
LPP_RS11830,LPP_RS11835,1,0
LPP_RS11835,LPP_RS11840,1,0
LPP_RS12145,LPP_RS12150,1,0
LPP_RS12580,LPP_RS12585,1,1
LPP_RS12585,LPP_RS12590,1,1
LPP_RS12590,LPP_RS12595,1,1
LPP_RS12595,LPP_RS12600,1,1
LPP_RS12600,LPP_RS12605,1,1
LPP_RS12620,LPP_RS12625,1,0
LPP_RS12625,LPP_RS12630,1,0
LPP_RS12630,LPP_RS12650,0,0
LPP_RS12650,LPP_RS12655,1,0
LPP_RS12655,LPP_RS12660,1,0
LPP_RS12880,LPP_RS12885,1,0
LPP_RS12885,LPP_RS12890,1,0
LPP_RS12955,LPP_RS12960,1,0
LPP_RS12960,LPP_RS12965,1,0
LPP_RS13090,LPP_RS13095,1,0
LPP_RS13095,LPP_RS13100,1,0
LPP_RS13100,LPP_RS13105,1,0
LPP_RS13120,LPP_RS13125,1,0
LPP_RS13275,LPP_RS13280,1,0
LPP_RS13295,LPP_RS13300,1,0
LPP_RS13350,LPP_RS13355,1,0
LPP_RS13525,LPP_RS13530,1,0
LPP_RS13585,LPP_RS13590,1,0
LPP_RS13630,LPP_RS13635,1,0
LPP_RS13635,LPP_RS13640,1,1
LPP_RS13680,LPP_RS13685,1,1
LPP_RS13735,LPP_RS13740,1,0
LPP_RS13740,LPP_RS13745,0,0
LPP_RS13745,LPP_RS13750,1,1
LPP_RS13750,LPP_RS13755,0,1
LPP_RS13755,LPP_RS13760,1,0
LPP_RS13780,LPP_RS13785,1,0
LPP_RS13785,LPP_RS13790,1,0
LPP_RS13790,LPP_RS13795,1,0
LPP_RS13795,LPP_RS13815,0,0
LPP_RS13815,LPP_RS13820,1,1
LPP_RS13995,LPP_RS14000,1,0
LPP_RS14000,LPP_RS14005,1,0
LPP_RS14070,LPP_RS14075,1,0
LPP_RS14075,LPP_RS14080,0,0
LPP_RS14080,LPP_RS14085,1,0
LPP_RS14150,LPP_RS14155,1,0
LPP_RS14155,LPP_RS14160,1,0
LPP_RS14160,LPP_RS14165,1,0
LPP_RS14200,LPP_RS14205,1,0
LPP_RS14380,LPP_RS14385,1,0
LPP_RS14420,LPP_RS14425,1,0
LPP_RS14425,LPP_RS14430,1,0
LPP_RS14505,LPP_RS14510,1,0
LPP_RS14510,LPP_RS14515,1,0
LPP_RS14525,LPP_RS14530,1,0
LPP_RS14615,LPP_RS14620,1,0
LPP_RS14620,LPP_RS14625,1,0
LPP_RS14745,LPP_RS14750,1,0
LPP_RS14750,LPP_RS14755,1,0
LPP_RS14755,LPP_RS14760,1,0
LPP_RS14805,LPP_RS14810,1,0
LPP_RS14875,LPP_RS14880,1,1
LPP_RS14880,LPP_RS14885,0,0
LPP_RS14885,LPP_RS14890,1,0
LPP_RS14950,LPP_RS14955,1,0
LPP_RS14955,LPP_RS14960,1,0
LPP_RS14985,LPP_RS14990,1,0
LPP_RS15000,LPP_RS15005,1,0
LPP_RS15315,LPP_RS15320,1,1
LPP_RS15320,LPP_RS15335,0,0
LPP_RS15335,LPP_RS15340,1,0
LPP_RS15340,LPP_RS15355,0,0
LPP_RS15355,LPP_RS15360,1,0
LPP_RS15470,LPP_RS15465,1,0
LPP_RS15465,LPP_RS15460,1,0
LPP_RS15460,LPP_RS15455,1,0
LPP_RS15455,LPP_RS15450,1,0
LPP_RS15330,LPP_RS15325,1,0
LPP_RS15305,LPP_RS15300,1,0
LPP_RS15300,LPP_RS15295,1,0
LPP_RS15285,LPP_RS15280,1,0
LPP_RS15245,LPP_RS15240,1,0
LPP_RS15240,LPP_RS15235,1,0
LPP_RS15225,LPP_RS15220,1,0
LPP_RS15220,LPP_RS15215,1,0
LPP_RS15215,LPP_RS15205,0,0
LPP_RS15205,LPP_RS15200,1,0
LPP_RS15145,LPP_RS15140,1,0
LPP_RS15140,LPP_RS15135,1,0
LPP_RS15110,LPP_RS15105,1,0
LPP_RS15105,LPP_RS15100,1,0
LPP_RS15100,LPP_RS15095,1,0
LPP_RS15095,LPP_RS15090,1,0
LPP_RS15090,LPP_RS15085,1,0
LPP_RS15055,LPP_RS15050,1,0
LPP_RS14915,LPP_RS14910,1,0
LPP_RS14860,LPP_RS14855,1,0
LPP_RS14840,LPP_RS14835,1,0
LPP_RS14835,LPP_RS14830,1,0
LPP_RS14790,LPP_RS14785,1,0
LPP_RS14785,LPP_RS14780,1,0
LPP_RS14780,LPP_RS14775,1,0
LPP_RS14775,LPP_RS14770,1,0
LPP_RS14770,LPP_RS14765,1,0
LPP_RS14720,LPP_RS14715,1,0
LPP_RS14715,LPP_RS14710,1,0
LPP_RS14710,LPP_RS14705,0,0
LPP_RS14705,LPP_RS14700,1,0
LPP_RS14700,LPP_RS14695,1,0
LPP_RS14695,LPP_RS14690,1,0
LPP_RS14690,LPP_RS14685,0,0
LPP_RS14685,LPP_RS14680,1,0
LPP_RS14595,LPP_RS14590,1,0
LPP_RS14590,LPP_RS14585,0,0
LPP_RS14585,LPP_RS14580,1,0
LPP_RS14580,LPP_RS14575,1,0
LPP_RS14445,LPP_RS14440,1,0
LPP_RS14440,LPP_RS14435,1,0
LPP_RS14395,LPP_RS14390,1,0
LPP_RS14355,LPP_RS14350,1,0
LPP_RS14320,LPP_RS14315,1,0
LPP_RS14315,LPP_RS14310,1,0
LPP_RS14310,LPP_RS14305,1,0
LPP_RS14305,LPP_RS14300,1,0
LPP_RS14300,LPP_RS14295,1,1
LPP_RS14295,LPP_RS14290,1,1
LPP_RS14290,LPP_RS14285,1,1
LPP_RS14285,LPP_RS14280,1,1
LPP_RS14280,LPP_RS14275,1,0
LPP_RS14275,LPP_RS14270,1,0
LPP_RS14270,LPP_RS14265,1,1
LPP_RS14265,LPP_RS14260,1,0
LPP_RS14260,LPP_RS14255,1,0
LPP_RS14245,LPP_RS14240,1,1
LPP_RS14240,LPP_RS14235,1,0
LPP_RS14235,LPP_RS14230,1,1
LPP_RS14230,LPP_RS14225,1,1
LPP_RS14105,LPP_RS14100,1,0
LPP_RS14100,LPP_RS14095,1,0
LPP_RS14095,LPP_RS14090,1,0
LPP_RS14045,LPP_RS14040,1,0
LPP_RS14040,LPP_RS14035,0,0
LPP_RS14035,LPP_RS14030,1,0
LPP_RS14015,LPP_RS14010,1,0
LPP_RS13950,LPP_RS13945,1,1
LPP_RS13945,LPP_RS13940,1,1
LPP_RS13925,LPP_RS13920,1,0
LPP_RS13920,LPP_RS13915,0,0
LPP_RS13915,LPP_RS13910,1,1
LPP_RS13910,LPP_RS13905,0,0
LPP_RS13905,LPP_RS13900,1,0
LPP_RS13900,LPP_RS13895,1,0
LPP_RS13895,LPP_RS13890,0,0
LPP_RS13890,LPP_RS13885,1,0
LPP_RS13885,LPP_RS13880,1,0
LPP_RS13880,LPP_RS13875,1,0
LPP_RS13875,LPP_RS13870,0,0
LPP_RS13870,LPP_RS13865,1,0
LPP_RS13865,LPP_RS13860,1,1
LPP_RS13860,LPP_RS13855,0,0
LPP_RS13855,LPP_RS13850,1,0
LPP_RS13850,LPP_RS13845,1,0
LPP_RS13810,LPP_RS13805,1,1
LPP_RS13805,LPP_RS13800,1,0
LPP_RS13720,LPP_RS13715,1,1
LPP_RS13700,LPP_RS13695,1,0
LPP_RS13695,LPP_RS13675,0,0
LPP_RS13675,LPP_RS13670,1,0
LPP_RS13670,LPP_RS13665,1,0
LPP_RS13665,LPP_RS13660,1,1
LPP_RS13660,LPP_RS13655,1,0
LPP_RS13655,LPP_RS13625,0,0
LPP_RS13625,LPP_RS13620,1,1
LPP_RS13620,LPP_RS13615,1,0
LPP_RS13600,LPP_RS13595,1,1
LPP_RS13595,LPP_RS13575,0,0
LPP_RS13575,LPP_RS13570,1,0
LPP_RS13570,LPP_RS13565,1,0
LPP_RS13540,LPP_RS13535,1,0
LPP_RS13535,LPP_RS13520,0,0
LPP_RS13520,LPP_RS13515,1,1
LPP_RS13515,LPP_RS13510,1,0
LPP_RS13510,LPP_RS13500,0,0
LPP_RS13500,LPP_RS13495,1,0
LPP_RS13495,LPP_RS13490,1,0
LPP_RS13460,LPP_RS13455,1,0
LPP_RS13455,LPP_RS13450,1,1
LPP_RS13440,LPP_RS13435,1,1
LPP_RS13435,LPP_RS13430,1,0
LPP_RS13430,LPP_RS13425,1,0
LPP_RS13425,LPP_RS13420,1,0
LPP_RS13420,LPP_RS13415,1,0
LPP_RS13405,LPP_RS13400,1,0
LPP_RS13400,LPP_RS13395,1,0
LPP_RS13375,LPP_RS13370,1,0
LPP_RS13370,LPP_RS13345,0,0
LPP_RS13345,LPP_RS13340,1,0
LPP_RS13340,LPP_RS13335,1,1
LPP_RS13335,LPP_RS13330,1,0
LPP_RS13270,LPP_RS13265,1,0
LPP_RS13265,LPP_RS13260,1,0
LPP_RS13205,LPP_RS13200,1,0
LPP_RS13190,LPP_RS13185,1,0
LPP_RS13185,LPP_RS13180,0,0
LPP_RS13180,LPP_RS13175,1,0
LPP_RS13035,LPP_RS13030,1,0
LPP_RS13020,LPP_RS13015,1,0
LPP_RS13015,LPP_RS13000,0,0
LPP_RS13000,LPP_RS12995,1,0
LPP_RS12940,LPP_RS12935,1,0
LPP_RS12900,LPP_RS12895,1,0
LPP_RS12870,LPP_RS12865,1,0
LPP_RS12820,LPP_RS12815,1,1
LPP_RS12815,LPP_RS12810,1,1
LPP_RS12810,LPP_RS12805,0,0
LPP_RS12805,LPP_RS12800,1,0
LPP_RS12800,LPP_RS12795,1,1
LPP_RS12795,LPP_RS12790,1,0
LPP_RS12790,LPP_RS12785,1,0
LPP_RS12785,LPP_RS12780,0,0
LPP_RS12780,LPP_RS12775,1,0
LPP_RS12775,LPP_RS12770,1,0
LPP_RS12740,LPP_RS12735,1,0
LPP_RS12440,LPP_RS12435,1,0
LPP_RS12390,LPP_RS12385,1,0
LPP_RS12175,LPP_RS12170,1,0
LPP_RS12000,LPP_RS11995,1,0
LPP_RS11995,LPP_RS11990,1,0
LPP_RS11990,LPP_RS11985,1,0
LPP_RS11915,LPP_RS11910,1,0
LPP_RS11910,LPP_RS11905,1,0
LPP_RS11905,LPP_RS11900,1,0
LPP_RS11900,LPP_RS11895,1,0
LPP_RS11875,LPP_RS11870,1,0
LPP_RS11870,LPP_RS11865,1,0
LPP_RS11865,LPP_RS11855,0,0
LPP_RS11855,LPP_RS11850,1,0
LPP_RS11850,LPP_RS11845,1,0
LPP_RS11770,LPP_RS11765,1,0
LPP_RS11635,LPP_RS11630,1,0
LPP_RS11630,LPP_RS11620,0,0
LPP_RS11620,LPP_RS11615,1,0
LPP_RS11595,LPP_RS11590,1,0
LPP_RS11550,LPP_RS11545,1,0
LPP_RS11510,LPP_RS11505,1,0
LPP_RS11425,LPP_RS11420,1,0
LPP_RS11385,LPP_RS11380,1,0
LPP_RS11380,LPP_RS11375,0,0
LPP_RS11375,LPP_RS11370,1,0
LPP_RS11345,LPP_RS11340,1,0
LPP_RS11340,LPP_RS11335,1,0
LPP_RS11315,LPP_RS11310,1,0
LPP_RS11310,LPP_RS11305,1,0
LPP_RS11265,LPP_RS11260,1,0
LPP_RS11260,LPP_RS11255,1,0
LPP_RS11255,LPP_RS11250,1,0
LPP_RS11165,LPP_RS11160,1,0
LPP_RS11160,LPP_RS11155,1,0
LPP_RS11155,LPP_RS11150,1,0
LPP_RS11150,LPP_RS11145,1,0
LPP_RS11145,LPP_RS11140,1,0
LPP_RS11140,LPP_RS11135,1,0
LPP_RS11060,LPP_RS11055,1,0
LPP_RS11015,LPP_RS11010,1,0
LPP_RS10990,LPP_RS10985,1,0
LPP_RS10900,LPP_RS10895,1,0
LPP_RS10875,LPP_RS10855,0,0
LPP_RS10855,LPP_RS10850,1,0
LPP_RS10645,LPP_RS10640,1,0
LPP_RS10535,LPP_RS10530,1,0
LPP_RS10500,LPP_RS10495,1,0
LPP_RS10480,LPP_RS10475,1,0
LPP_RS10475,LPP_RS10470,1,0
LPP_RS10425,LPP_RS10420,1,0
LPP_RS10420,LPP_RS10415,0,0
LPP_RS10415,LPP_RS10410,1,0
LPP_RS10225,LPP_RS10220,1,0
LPP_RS10220,LPP_RS10215,1,1
LPP_RS10215,LPP_RS10210,1,0
LPP_RS10210,LPP_RS10205,1,0
LPP_RS10155,LPP_RS10150,1,0
LPP_RS10130,LPP_RS10125,1,0
LPP_RS10125,LPP_RS10120,1,0
LPP_RS10110,LPP_RS10105,1,1
LPP_RS10055,LPP_RS10050,1,0
LPP_RS10005,LPP_RS10000,1,1
LPP_RS10000,LPP_RS09995,1,1
LPP_RS09995,LPP_RS09975,0,0
LPP_RS09975,LPP_RS09970,1,0
LPP_RS09970,LPP_RS09965,1,0
LPP_RS09855,LPP_RS09850,1,0
LPP_RS09770,LPP_RS09765,1,0
LPP_RS09700,LPP_RS09695,1,0
LPP_RS09675,LPP_RS09670,1,0
LPP_RS09670,LPP_RS09665,1,0
LPP_RS09665,LPP_RS09660,1,0
LPP_RS09570,LPP_RS09565,1,0
LPP_RS09565,LPP_RS09560,1,0
LPP_RS09560,LPP_RS09555,0,0
LPP_RS09555,LPP_RS09550,1,0
LPP_RS09490,LPP_RS09485,1,0
LPP_RS09470,LPP_RS09465,1,0
LPP_RS09255,LPP_RS09250,1,0
LPP_RS09250,LPP_RS09245,0,0
LPP_RS09245,LPP_RS09240,1,0
LPP_RS09205,LPP_RS09200,1,0
LPP_RS09105,LPP_RS09100,1,1
LPP_RS08985,LPP_RS08980,1,0
LPP_RS08965,LPP_RS08960,1,1
LPP_RS08960,LPP_RS08955,1,0
LPP_RS08875,LPP_RS08870,1,1
LPP_RS08870,LPP_RS08865,1,0
LPP_RS08780,LPP_RS08775,1,0
LPP_RS08775,LPP_RS08770,1,0
LPP_RS08770,LPP_RS08765,1,0
LPP_RS08765,LPP_RS08760,0,0
LPP_RS08760,LPP_RS08755,1,1
LPP_RS08700,LPP_RS08695,1,0
LPP_RS08695,LPP_RS08690,1,0
LPP_RS08690,LPP_RS08685,0,0
LPP_RS08685,LPP_RS08680,1,0
LPP_RS08680,LPP_RS08675,1,1
LPP_RS08675,LPP_RS08670,0,0
LPP_RS08670,LPP_RS08665,1,1
LPP_RS08655,LPP_RS08650,1,1
LPP_RS08650,LPP_RS08645,1,0
LPP_RS08645,LPP_RS08640,1,0
LPP_RS08640,LPP_RS08635,1,0
LPP_RS08635,LPP_RS08630,0,0
LPP_RS08630,LPP_RS08625,1,0
LPP_RS08605,LPP_RS08600,1,0
LPP_RS08600,LPP_RS08595,0,0
LPP_RS08595,LPP_RS08590,1,0
LPP_RS08540,LPP_RS08535,1,0
LPP_RS08535,LPP_RS08525,0,0
LPP_RS08525,LPP_RS08520,1,0
LPP_RS08520,LPP_RS08515,1,1
LPP_RS08515,LPP_RS08510,1,0
LPP_RS08510,LPP_RS08505,1,0
LPP_RS08480,LPP_RS08475,1,1
LPP_RS08440,LPP_RS08435,1,0
LPP_RS08435,LPP_RS08430,1,1
LPP_RS08430,LPP_RS08425,1,1
LPP_RS08390,LPP_RS08385,1,0
LPP_RS08385,LPP_RS08370,0,0
LPP_RS08370,LPP_RS08365,1,0
LPP_RS08330,LPP_RS08325,1,0
LPP_RS08295,LPP_RS08290,1,1
LPP_RS08290,LPP_RS08285,1,1
LPP_RS08285,LPP_RS08280,0,0
LPP_RS08280,LPP_RS08275,1,0
LPP_RS08275,LPP_RS08270,1,1
LPP_RS08270,LPP_RS08265,1,1
LPP_RS08240,LPP_RS08235,1,0
LPP_RS08235,LPP_RS08230,1,0
LPP_RS08180,LPP_RS08175,1,0
LPP_RS08165,LPP_RS08160,1,0
LPP_RS08160,LPP_RS08155,1,1
LPP_RS08155,LPP_RS08150,1,1
LPP_RS08150,LPP_RS08145,1,1
LPP_RS08145,LPP_RS08140,0,0
LPP_RS08140,LPP_RS08135,1,0
LPP_RS08135,LPP_RS08130,1,0
LPP_RS08130,LPP_RS08125,1,0
LPP_RS08045,LPP_RS08040,1,0
LPP_RS08040,LPP_RS08035,1,0
LPP_RS08035,LPP_RS08025,0,0
LPP_RS08025,LPP_RS08020,1,0
LPP_RS08005,LPP_RS08000,1,0
LPP_RS08000,LPP_RS07995,0,0
LPP_RS07995,LPP_RS07990,1,0
LPP_RS07990,LPP_RS07985,1,0
LPP_RS07920,LPP_RS07915,1,0
LPP_RS07915,LPP_RS07895,0,0
LPP_RS07895,LPP_RS07890,1,0
LPP_RS07890,LPP_RS07880,0,0
LPP_RS07880,LPP_RS07875,1,0
LPP_RS07810,LPP_RS07805,1,0
LPP_RS07805,LPP_RS07800,1,0
LPP_RS07800,LPP_RS07785,0,0
LPP_RS07785,LPP_RS07780,1,1
LPP_RS07780,LPP_RS07775,1,0
LPP_RS07775,LPP_RS07770,1,0
LPP_RS07740,LPP_RS07735,1,0
LPP_RS07735,LPP_RS07730,1,0
LPP_RS07730,LPP_RS07725,1,0
LPP_RS07700,LPP_RS07695,1,1
LPP_RS07695,LPP_RS07690,1,1
LPP_RS07690,LPP_RS07685,1,1
LPP_RS07685,LPP_RS07680,1,0
LPP_RS07680,LPP_RS07675,1,0
LPP_RS07675,LPP_RS07670,1,0
LPP_RS07670,LPP_RS07635,0,0
LPP_RS07635,LPP_RS07630,1,0
LPP_RS07555,LPP_RS07550,1,0
LPP_RS07550,LPP_RS07545,0,0
LPP_RS07545,LPP_RS07540,1,0
LPP_RS07540,LPP_RS07535,1,0
LPP_RS07535,LPP_RS07530,1,0
LPP_RS07530,LPP_RS07525,1,0
LPP_RS07525,LPP_RS07520,1,0
LPP_RS07520,LPP_RS07500,0,0
LPP_RS07500,LPP_RS07495,1,0
LPP_RS07480,LPP_RS07475,1,0
LPP_RS07475,LPP_RS07470,1,0
LPP_RS07470,LPP_RS07465,1,0
LPP_RS07465,LPP_RS07460,1,0
LPP_RS07460,LPP_RS07450,0,0
LPP_RS07450,LPP_RS07445,1,0
LPP_RS07445,LPP_RS07440,1,0
LPP_RS07415,LPP_RS07410,1,0
LPP_RS07350,LPP_RS07345,1,0
LPP_RS07345,LPP_RS07340,1,0
LPP_RS07340,LPP_RS07335,0,0
LPP_RS07335,LPP_RS07330,1,0
LPP_RS07220,LPP_RS07215,1,0
LPP_RS07155,LPP_RS07150,1,0
LPP_RS07150,LPP_RS07145,1,0
LPP_RS07085,LPP_RS07080,1,0
LPP_RS07010,LPP_RS07005,1,0
LPP_RS07005,LPP_RS07000,1,0
LPP_RS07000,LPP_RS06995,1,0
LPP_RS06995,LPP_RS06990,1,0
LPP_RS06980,LPP_RS06975,1,0
LPP_RS06975,LPP_RS06970,1,0
LPP_RS06690,LPP_RS06685,1,1
LPP_RS06685,LPP_RS06675,0,0
LPP_RS06675,LPP_RS06670,1,1
LPP_RS06670,LPP_RS06660,0,0
LPP_RS06660,LPP_RS06655,1,0
LPP_RS06610,LPP_RS06605,1,1
LPP_RS06605,LPP_RS06600,1,1
LPP_RS06600,LPP_RS06595,1,1
LPP_RS06595,LPP_RS06590,1,1
LPP_RS06540,LPP_RS06535,1,0
LPP_RS06535,LPP_RS06530,1,1
LPP_RS06530,LPP_RS06525,1,1
LPP_RS06525,LPP_RS06500,0,0
LPP_RS06500,LPP_RS06495,1,0
LPP_RS06495,LPP_RS06490,1,0
LPP_RS06490,LPP_RS06485,1,1
LPP_RS06475,LPP_RS06470,1,0
LPP_RS06470,LPP_RS06465,1,1
LPP_RS06465,LPP_RS06460,1,1
LPP_RS06445,LPP_RS06440,1,0
LPP_RS06400,LPP_RS06395,1,1
LPP_RS06395,LPP_RS06350,0,0
LPP_RS06350,LPP_RS06345,1,0
LPP_RS06320,LPP_RS06315,1,1
LPP_RS06300,LPP_RS06295,1,0
LPP_RS06295,LPP_RS06290,1,0
LPP_RS06215,LPP_RS06210,1,0
LPP_RS06110,LPP_RS06105,1,0
LPP_RS06030,LPP_RS06025,1,0
LPP_RS06025,LPP_RS06020,1,1
LPP_RS06020,LPP_RS06015,1,1
LPP_RS06015,LPP_RS06010,1,1
LPP_RS06010,LPP_RS06005,1,0
LPP_RS06005,LPP_RS06000,1,0
LPP_RS06000,LPP_RS05995,1,1
LPP_RS05995,LPP_RS05990,1,1
LPP_RS05990,LPP_RS05970,0,0
LPP_RS05970,LPP_RS05965,1,0
LPP_RS05865,LPP_RS05860,1,0
LPP_RS05785,LPP_RS05780,1,0
LPP_RS05725,LPP_RS05720,1,0
LPP_RS05720,LPP_RS05715,1,0
LPP_RS05715,LPP_RS05710,1,0
LPP_RS05690,LPP_RS05685,1,0
LPP_RS05590,LPP_RS05585,1,0
LPP_RS05585,LPP_RS05580,1,0
LPP_RS05425,LPP_RS05420,1,0
LPP_RS05420,LPP_RS05415,1,0
LPP_RS05415,LPP_RS05410,1,0
LPP_RS05100,LPP_RS05095,1,0
LPP_RS05095,LPP_RS05090,1,0
LPP_RS05090,LPP_RS05085,1,0
LPP_RS05040,LPP_RS05035,1,0
LPP_RS04910,LPP_RS04905,1,0
LPP_RS04855,LPP_RS04850,1,0
LPP_RS04850,LPP_RS04810,0,0
LPP_RS04810,LPP_RS04805,1,0
LPP_RS04760,LPP_RS04755,1,0
LPP_RS04755,LPP_RS04750,1,0
LPP_RS04750,LPP_RS04745,1,1
LPP_RS04705,LPP_RS04700,1,0
LPP_RS04700,LPP_RS04695,0,0
LPP_RS04695,LPP_RS04690,1,0
LPP_RS04690,LPP_RS04685,1,0
LPP_RS04650,LPP_RS04645,1,0
LPP_RS04565,LPP_RS04560,1,0
LPP_RS04480,LPP_RS04475,1,1
LPP_RS04330,LPP_RS04325,1,0
LPP_RS04325,LPP_RS04315,0,0
LPP_RS04315,LPP_RS04310,1,1
LPP_RS04230,LPP_RS04225,1,0
LPP_RS04205,LPP_RS04200,1,0
LPP_RS04155,LPP_RS04150,1,0
LPP_RS04150,LPP_RS04145,1,0
LPP_RS04145,LPP_RS04140,1,0
LPP_RS03980,LPP_RS03975,1,0
LPP_RS03975,LPP_RS03925,0,0
LPP_RS03925,LPP_RS03920,1,0
LPP_RS03920,LPP_RS03915,0,0
LPP_RS03915,LPP_RS03910,1,0
LPP_RS03895,LPP_RS03890,1,0
LPP_RS03830,LPP_RS03825,1,0
LPP_RS03785,LPP_RS03780,1,0
LPP_RS03720,LPP_RS03715,1,0
LPP_RS03675,LPP_RS03670,1,0
LPP_RS03670,LPP_RS03640,0,0
LPP_RS03640,LPP_RS03635,1,0
LPP_RS03635,LPP_RS03630,1,0
LPP_RS03620,LPP_RS03615,1,0
LPP_RS03615,LPP_RS03575,0,0
LPP_RS03575,LPP_RS03570,1,0
LPP_RS03570,LPP_RS03565,0,0
LPP_RS03565,LPP_RS03560,1,0
LPP_RS03450,LPP_RS03445,1,0
LPP_RS03445,LPP_RS03440,1,0
LPP_RS03440,LPP_RS03435,1,0
LPP_RS03435,LPP_RS03430,1,0
LPP_RS03430,LPP_RS03425,1,0
LPP_RS03225,LPP_RS03220,1,0
LPP_RS03190,LPP_RS03185,1,0
LPP_RS03165,LPP_RS03160,1,0
LPP_RS03080,LPP_RS03075,1,0
LPP_RS03075,LPP_RS03070,1,0
LPP_RS02805,LPP_RS02800,1,0
LPP_RS02800,LPP_RS02795,1,0
LPP_RS02705,LPP_RS02700,1,1
LPP_RS02700,LPP_RS02695,0,0
LPP_RS02695,LPP_RS02690,1,0
LPP_RS02635,LPP_RS02630,1,1
LPP_RS02630,LPP_RS02625,0,1
LPP_RS02625,LPP_RS02620,1,1
LPP_RS02620,LPP_RS02615,1,1
LPP_RS02615,LPP_RS02610,1,0
LPP_RS02610,LPP_RS02605,1,1
LPP_RS02440,LPP_RS02435,1,0
LPP_RS02435,LPP_RS02430,1,0
LPP_RS02315,LPP_RS02310,1,1
LPP_RS02310,LPP_RS02305,1,1
LPP_RS02305,LPP_RS02300,1,1
LPP_RS02300,LPP_RS02295,1,0
LPP_RS02295,LPP_RS02285,0,0
LPP_RS02285,LPP_RS02280,1,0
LPP_RS02265,LPP_RS02260,1,0
LPP_RS02235,LPP_RS02230,1,0
LPP_RS02230,LPP_RS02225,0,0
LPP_RS02225,LPP_RS02220,1,0
LPP_RS02220,LPP_RS02215,1,0
LPP_RS02215,LPP_RS02210,1,0
LPP_RS02210,LPP_RS02205,1,0
LPP_RS01830,LPP_RS01825,1,0
LPP_RS01825,LPP_RS01810,0,0
LPP_RS01810,LPP_RS01805,1,0
LPP_RS01805,LPP_RS01800,1,0
LPP_RS01750,LPP_RS01745,1,0
LPP_RS01535,LPP_RS01530,1,0
LPP_RS01355,LPP_RS01350,1,0
LPP_RS01350,LPP_RS01335,0,0
LPP_RS01335,LPP_RS01330,1,0
LPP_RS01285,LPP_RS01280,1,0
LPP_RS01280,LPP_RS01275,1,0
LPP_RS01130,LPP_RS01125,1,0
LPP_RS01125,LPP_RS01120,1,0
LPP_RS01120,LPP_RS01115,1,0
LPP_RS01080,LPP_RS01075,1,0
LPP_RS01075,LPP_RS01070,0,0
LPP_RS01070,LPP_RS01065,1,0
LPP_RS00770,LPP_RS00765,1,0
LPP_RS00765,LPP_RS00760,1,0
LPP_RS00760,LPP_RS00755,1,0
LPP_RS00735,LPP_RS00730,1,0
LPP_RS00660,LPP_RS00655,1,1
LPP_RS00655,LPP_RS00650,1,0
LPP_RS00650,LPP_RS00645,1,0
LPP_RS00635,LPP_RS00630,1,0
LPP_RS00610,LPP_RS00605,1,0
LPP_RS00595,LPP_RS00590,1,0
LPP_RS00575,LPP_RS00570,1,1
LPP_RS00500,LPP_RS00495,1,0
LPP_RS00495,LPP_RS00490,1,0
LPP_RS00285,LPP_RS00280,1,0
LPP_RS00160,LPP_RS00155,1,0
LPP_RS00140,LPP_RS00135,1,0
LPP_RS00060,LPP_RS00055,1,0
LPP_RS00035,LPP_RS00030,1,0
LPP_RS00030,LPP_RS00025,1,0
